<?xml version="1.0" encoding="UTF-8"?>
<project-private xmlns="http://www.netbeans.org/ns/project-private/1">
    <editor-bookmarks xmlns="http://www.netbeans.org/ns/editor-bookmarks/2" lastBookmarkId="0"/>
    <open-files xmlns="http://www.netbeans.org/ns/projectui-open-files/2">
        <group>
            <file>file:/C:/Users/Yuli/Documents/isoft%202020_2/proyectoParqueadero/src/modelo/GenerarDoc.java</file>
            <file>file:/C:/Users/Yuli/Documents/isoft%202020_2/proyectoParqueadero/src/modelo/Factura.java</file>
            <file>file:/C:/Users/Yuli/Documents/isoft%202020_2/proyectoParqueadero/src/Controladores/ControladorFactura.java</file>
            <file>file:/C:/Users/Yuli/Documents/isoft%202020_2/proyectoParqueadero/src/modelo/pruebas.java</file>
            <file>file:/C:/Users/Yuli/Documents/isoft%202020_2/proyectoParqueadero/src/modelo/Cliente.java</file>
            <file>file:/C:/Users/Yuli/Documents/isoft%202020_2/proyectoParqueadero/src/modelo/Registro.java</file>
            <file>file:/C:/Users/Yuli/Documents/isoft%202020_2/proyectoParqueadero/src/Controladores/ControladorApp.java</file>
            <file>file:/C:/Users/Yuli/Documents/isoft%202020_2/proyectoParqueadero/src/Persistencia/ConexionBD.java</file>
            <file>file:/C:/Users/Yuli/Documents/isoft%202020_2/proyectoParqueadero/src/modelo/Persona.java</file>
            <file>file:/C:/Users/Yuli/Documents/isoft%202020_2/proyectoParqueadero/src/Controladores/ControladorRegistro.java</file>
            <file>file:/C:/Users/Yuli/Documents/isoft%202020_2/proyectoParqueadero/src/modelo/GeneradorCodigoBarra.java</file>
            <file>file:/C:/Users/Yuli/Documents/isoft%202020_2/proyectoParqueadero/src/modelo/MedioTransporte.java</file>
            <file>file:/C:/Users/Yuli/Documents/isoft%202020_2/proyectoParqueadero/src/vista/VentanaApp1.java</file>
        </group>
    </open-files>
</project-private>
